ID,어휘,표기통일,뜻검수,예문1,예문2,예문3,그림,관련어10,L4음절선택,L5어절조립,교란지검수,문화편향검수,최종승인,비고
1,움직임,움직임,몸이나 물건이 자리를 바꾸는 거예요.,고양이가 살금살금 움직임을 보여서 귀여웠어요.,체육 시간에 선생님이 몸의 움직임을 알려 주셨어요.,바람에 나뭇잎의 움직임이 재미있었어요.,미사용,"짐작, 방식, 까닭, 자료, 기술, 평가",정답:움직임 | 보기:움/측/차/직/임,"chunks:나는/수업 시간에/움직임을/배웠다. | targetIndex:2 | vocabDistractor:짐작을 | hints:누가?/언제/어디서?/무엇을?/어찌했나? | fullDistractors:움직임이,잊어버렸다.",초안,초안,Y,OK | https://krdict.korean.go.kr/kor/dicSearch/SearchView?ParaWordNo=26708 | AUTO_SELECTED_90_BALANCED
2,방식,방식,어떤 일을 하는 방법이에요.,친구마다 그림을 그리는 방식이 달라요.,우리 반은 새로운 방식으로 청소를 해요.,엄마의 요리 방식을 따라 해 봤어요.,미사용,"선택, 방법, 판단, 확대, 제출, 특징",정답:방식 | 보기:할/행/방/례/식,"chunks:우리는/교실에서/방식을/배웠다. | targetIndex:2 | vocabDistractor:선택을 | hints:누가?/언제/어디서?/무엇을?/어찌했나? | fullDistractors:방식이,대충 봤다.",초안,초안,Y,OK | https://krdict.korean.go.kr/kor/dicSearch/SearchView?ParaWordNo=15893 | AUTO_SELECTED_90_BALANCED
3,영향,영향,다른 것에 변화를 주는 힘이에요.,비가 많이 오면 소풍에 영향을 줘요.,좋은 친구는 나에게 좋은 영향을 줘요.,날씨가 기분에 영향을 줄 수 있어요.,미사용,"형태, 설명, 정리, 용액, 작품, 실행",정답:영향 | 보기:향/이/영/교/당,"chunks:민수는/집에서/영향을/배웠다. | targetIndex:2 | vocabDistractor:형태를 | hints:누가?/언제/어디서?/무엇을?/어찌했나? | fullDistractors:영향이,틀리게 말했다.",초안,초안,Y,OK | https://krdict.korean.go.kr/kor/dicSearch/SearchView?ParaWordNo=14102 | AUTO_SELECTED_90_BALANCED
4,환경,환경,우리가 살고 있는 자연이나 주변을 말해요.,깨끗한 환경을 위해 쓰레기를 주웠어요.,우리 교실 환경을 예쁘게 꾸몄어요.,동물들이 살기 좋은 환경을 만들어야 해요.,미사용,"발달, 범위, 참여, 표시, 영향, 모두",정답:환경 | 보기:환/슷/지/활/경,"chunks:지수는/도서관에서/환경을/배웠다. | targetIndex:2 | vocabDistractor:발달을 | hints:누가?/언제/어디서?/무엇을?/어찌했나? | fullDistractors:환경이,혼자 놀았다.",초안,초안,Y,OK | https://krdict.korean.go.kr/kor/dicSearch/SearchView?ParaWordNo=49093 | AUTO_SELECTED_90_BALANCED
5,재다,재다,길이나 무게 같은 것을 알아보는 거예요.,줄자로 책상의 길이를 재 보았어요.,체중계로 몸무게를 재 보았어요.,자로 연필의 길이를 재 보았어요.,미사용,"보고, 요약, 발달, 참고, 용액, 도구",정답:재다 | 보기:재/다/원/요/미,"chunks:나는/수업 시간에/'재다' 뜻을/배웠다. | targetIndex:2 | vocabDistractor:'보고' 뜻을 | hints:누가?/언제/어디서?/무엇을?/어찌했나? | fullDistractors:'재다' 뜻이,잊어버렸다.",초안,초안,Y,OK | https://krdict.korean.go.kr/kor/dicSearch/SearchView?ParaWordNo=24914 | AUTO_SELECTED_90_BALANCED
6,측정,측정,자나 저울 같은 도구로 크기나 양을 알아보는 거예요.,체온계로 몸의 온도를 측정했어요.,자로 교실 칠판의 길이를 측정했어요.,과학 시간에 물의 양을 측정했어요.,미사용,"범위, 주제, 판단, 단순, 비교, 작품",정답:측정 | 보기:차/짜/리/측/정,"chunks:우리는/교실에서/측정을/배웠다. | targetIndex:2 | vocabDistractor:범위를 | hints:누가?/언제/어디서?/무엇을?/어찌했나? | fullDistractors:측정이,대충 봤다.",초안,초안,Y,OK | https://krdict.korean.go.kr/kor/dicSearch/SearchView?ParaWordNo=79025 | AUTO_SELECTED_90_BALANCED
7,추측,추측,확실하지 않지만 이럴 것 같다고 생각하는 거예요.,하늘이 어두워서 비가 올 거라고 추측했어요.,선물 상자를 보고 안에 뭐가 있을지 추측했어요.,발자국을 보고 누가 지나갔는지 추측했어요.,미사용,"참고, 방법, 정리, 미래, 내용, 보호",정답:추측 | 보기:측/추/질/반/요,"chunks:민수는/집에서/추측을/배웠다. | targetIndex:2 | vocabDistractor:참고를 | hints:누가?/언제/어디서?/무엇을?/어찌했나? | fullDistractors:추측이,틀리게 말했다.",초안,초안,Y,OK | https://krdict.korean.go.kr/kor/dicSearch/SearchView?ParaWordNo=27806 | AUTO_SELECTED_90_BALANCED
8,단서,단서,문제를 풀 때 도움이 되는 힌트예요.,보물찾기에서 단서를 찾아서 보물을 발견했어요.,수수께끼를 풀기 위해 단서를 모았어요.,그림에서 숨은 그림을 찾을 단서를 발견했어요.,미사용,"역할, 원인, 도구, 반대, 영향, 크기",정답:단서 | 보기:대/서/류/파/단,"chunks:지수는/도서관에서/단서를/배웠다. | targetIndex:2 | vocabDistractor:역할을 | hints:누가?/언제/어디서?/무엇을?/어찌했나? | fullDistractors:단서가,혼자 놀았다.",초안,초안,Y,OK | https://krdict.korean.go.kr/kor/dicSearch/SearchView?ParaWordNo=42202 | AUTO_SELECTED_90_BALANCED
9,짐작,짐작,잘 모르지만 대충 이럴 것 같다고 생각하는 거예요.,선물 상자를 흔들어 보고 안에 뭐가 들었는지 짐작했어요.,냄새를 맡고 오늘 급식을 짐작해 보았어요.,친구 표정을 보고 기분을 짐작했어요.,미사용,"까닭, 추측, 모두, 미래, 관찰, 고려",정답:짐작 | 보기:획/작/짐/록/명,"chunks:나는/수업 시간에/짐작을/배웠다. | targetIndex:2 | vocabDistractor:까닭을 | hints:누가?/언제/어디서?/무엇을?/어찌했나? | fullDistractors:짐작이,잊어버렸다.",초안,초안,Y,OK | https://krdict.korean.go.kr/kor/dicSearch/SearchView?ParaWordNo=29021 | AUTO_SELECTED_90_BALANCED
10,계획,계획,앞으로 할 일을 미리 정하는 거예요.,방학에 뭘 할지 계획을 세웠어요.,주말 나들이 계획을 가족과 함께 세웠어요.,생일 파티 계획을 친구들과 만들었어요.,미사용,"추측, 구조, 대비, 보존, 완성, 파악",정답:계획 | 보기:계/직/효/획/색,"chunks:우리는/교실에서/계획을/배웠다. | targetIndex:2 | vocabDistractor:추측을 | hints:누가?/언제/어디서?/무엇을?/어찌했나? | fullDistractors:계획이,대충 봤다.",초안,초안,Y,OK | https://krdict.korean.go.kr/kor/dicSearch/SearchView?ParaWordNo=23324 | AUTO_SELECTED_90_BALANCED
11,개요,개요,긴 이야기의 중요한 내용만 짧게 정리한 거예요.,발표 전에 이야기의 개요를 먼저 적었어요.,책을 읽고 개요를 정리해 보았어요.,선생님이 수업의 개요를 칠판에 써 주셨어요.,미사용,"태도, 추측, 선택, 모습, 도구, 상상",정답:개요 | 보기:요/분/찬/개/려,"chunks:민수는/집에서/개요를/배웠다. | targetIndex:2 | vocabDistractor:태도를 | hints:누가?/언제/어디서?/무엇을?/어찌했나? | fullDistractors:개요가,틀리게 말했다.",초안,초안,Y,OK | https://krdict.korean.go.kr/kor/dicSearch/SearchView?ParaWordNo=26670 | AUTO_SELECTED_90_BALANCED
12,보존,보존,소중한 것을 잘 지키고 간직하는 거예요.,옛날 물건을 깨끗하게 보존해야 해요.,자연을 보존하기 위해 나무를 심었어요.,할머니가 주신 편지를 소중히 보존하고 있어요.,미사용,"설명, 표면, 단순, 발달, 분류, 배경",정답:보존 | 보기:꾸/견/존/맞/보,"chunks:지수는/도서관에서/보존을/배웠다. | targetIndex:2 | vocabDistractor:설명을 | hints:누가?/언제/어디서?/무엇을?/어찌했나? | fullDistractors:보존이,혼자 놀았다.",초안,초안,Y,OK | https://krdict.korean.go.kr/kor/dicSearch/SearchView?ParaWordNo=14528 | AUTO_SELECTED_90_BALANCED
13,조사,조사,궁금한 것을 자세히 알아보는 거예요.,우리 동네에 어떤 가게가 있는지 조사했어요.,좋아하는 동물에 대해 조사해서 발표했어요.,도서관에서 공룡에 대해 조사했어요.,미사용,"입체, 비교, 기록, 찬성, 검토, 점검",정답:조사 | 보기:사/경/찰/조/호,"chunks:나는/수업 시간에/조사를/배웠다. | targetIndex:2 | vocabDistractor:입체를 | hints:누가?/언제/어디서?/무엇을?/어찌했나? | fullDistractors:조사가,잊어버렸다.",초안,초안,Y,OK | https://krdict.korean.go.kr/kor/dicSearch/SearchView?ParaWordNo=62052 | AUTO_SELECTED_90_BALANCED
14,실행,실행,생각한 것을 실제로 하는 거예요.,계획한 대로 교실 청소를 실행했어요.,약속한 것을 실행해서 친구가 기뻐했어요.,아침 운동 계획을 매일 실행하고 있어요.,미사용,"비교, 모두, 작성, 입체, 반면, 요소",정답:실행 | 보기:다/할/실/택/행,"chunks:우리는/교실에서/실행을/배웠다. | targetIndex:2 | vocabDistractor:비교를 | hints:누가?/언제/어디서?/무엇을?/어찌했나? | fullDistractors:실행이,대충 봤다.",초안,초안,Y,OK | https://krdict.korean.go.kr/kor/dicSearch/SearchView?ParaWordNo=66224 | AUTO_SELECTED_90_BALANCED
15,파악,파악,어떤 것을 잘 이해하는 거예요.,선생님 말씀을 잘 듣고 내용을 파악했어요.,지도를 보고 우리 위치를 파악했어요.,문제를 읽고 무엇을 물어보는지 파악했어요.,미사용,"형태, 용액, 전시, 단서, 특징, 계획",정답:파악 | 보기:히/행/측/파/악,"chunks:민수는/집에서/파악을/배웠다. | targetIndex:2 | vocabDistractor:형태를 | hints:누가?/언제/어디서?/무엇을?/어찌했나? | fullDistractors:파악이,틀리게 말했다.",초안,초안,Y,OK | https://krdict.korean.go.kr/kor/dicSearch/SearchView?ParaWordNo=82407 | AUTO_SELECTED_90_BALANCED
16,공통점,공통점,서로 같은 점이에요.,나와 친구의 공통점은 둘 다 강아지를 좋아하는 거예요.,사과와 딸기의 공통점은 둘 다 과일이라는 거예요.,고양이와 호랑이의 공통점을 찾아보았어요.,미사용,"전시, 검토, 범위, 순서, 측정, 단서",정답:공통점 | 보기:효/통/점/공/두,"chunks:지수는/도서관에서/공통점을/배웠다. | targetIndex:2 | vocabDistractor:전시를 | hints:누가?/언제/어디서?/무엇을?/어찌했나? | fullDistractors:공통점이,혼자 놀았다.",초안,초안,Y,OK | https://krdict.korean.go.kr/kor/dicSearch/SearchView?ParaWordNo=25284 | AUTO_SELECTED_90_BALANCED
17,차이점,차이점,서로 다른 점이에요.,사과와 배의 차이점은 색깔이 다른 거예요.,여름과 겨울의 차이점을 이야기해 보았어요.,연필과 볼펜의 차이점을 알아보았어요.,미사용,"판단, 반대, 표시, 작품, 자료, 조사",정답:차이점 | 보기:이/례/점/방/차,"chunks:나는/수업 시간에/차이점을/배웠다. | targetIndex:2 | vocabDistractor:판단을 | hints:누가?/언제/어디서?/무엇을?/어찌했나? | fullDistractors:차이점이,잊어버렸다.",초안,초안,Y,OK | https://krdict.korean.go.kr/kor/dicSearch/SearchView?ParaWordNo=37245 | AUTO_SELECTED_90_BALANCED
18,비교,비교,두 개를 나란히 놓고 같은 점과 다른 점을 살펴보는 거예요.,내 키와 친구 키를 비교해 보았어요.,두 그림을 비교해서 다른 곳을 찾았어요.,어제 날씨와 오늘 날씨를 비교했어요.,미사용,"의견, 특징, 이용, 내용, 정리, 연결",정답:비교 | 보기:교/비/획/영/당,"chunks:우리는/교실에서/비교를/배웠다. | targetIndex:2 | vocabDistractor:의견을 | hints:누가?/언제/어디서?/무엇을?/어찌했나? | fullDistractors:비교가,대충 봤다.",초안,초안,Y,OK | https://krdict.korean.go.kr/kor/dicSearch/SearchView?ParaWordNo=63521 | AUTO_SELECTED_90_BALANCED
19,입체,입체,납작하지 않고 높이가 있어서 만질 수 있는 모양이에요.,종이로 입체 상자를 만들었어요.,찰흙으로 입체 동물을 만들었어요.,수학 시간에 입체 모양을 배웠어요.,미사용,"비교, 구별, 분류, 개요, 점검, 영향",정답:입체 | 보기:례/체/존/입/지,"chunks:민수는/집에서/입체를/배웠다. | targetIndex:2 | vocabDistractor:비교를 | hints:누가?/언제/어디서?/무엇을?/어찌했나? | fullDistractors:입체가,틀리게 말했다.",초안,초안,Y,OK | https://krdict.korean.go.kr/kor/dicSearch/SearchView?ParaWordNo=73592 | AUTO_SELECTED_90_BALANCED
20,구하다,구하다,필요한 것을 찾아서 얻는 거예요.,도서관에서 필요한 책을 구했어요.,수학 문제의 답을 구했어요.,만들기에 쓸 재료를 구했어요.,미사용,"찬성, 원인, 단순, 확대, 대상, 방식",정답:구하다 | 보기:인/반/하/구/다,"chunks:지수는/도서관에서/'구하다' 뜻을/배웠다. | targetIndex:2 | vocabDistractor:'찬성' 뜻을 | hints:누가?/언제/어디서?/무엇을?/어찌했나? | fullDistractors:'구하다' 뜻이,혼자 놀았다.",초안,초안,Y,OK | https://krdict.korean.go.kr/kor/dicSearch/SearchView?ParaWordNo=58299 | AUTO_SELECTED_90_BALANCED
21,해결,해결,어려운 일이나 문제를 잘 처리해서 끝내는 거예요.,친구와 다툰 문제를 이야기해서 해결했어요.,어려운 수학 문제를 끝까지 풀어서 해결했어요.,교실이 더러운 문제를 다 함께 청소해서 해결했어요.,미사용,"역할, 관점, 수단, 주제, 특징, 대상",정답:해결 | 보기:수/경/결/해/황,"chunks:나는/수업 시간에/해결을/배웠다. | targetIndex:2 | vocabDistractor:역할을 | hints:누가?/언제/어디서?/무엇을?/어찌했나? | fullDistractors:해결이,잊어버렸다.",초안,초안,Y,OK | https://krdict.korean.go.kr/kor/dicSearch/SearchView?ParaWordNo=72470 | AUTO_SELECTED_90_BALANCED
22,반대,반대,서로 완전히 다른 것이에요.,위와 아래는 반대 방향이에요.,크다와 작다는 반대말이에요.,친구와 의견이 반대여서 이야기를 나눴어요.,미사용,"평균, 제출, 기술, 상황, 내용, 미래",정답:반대 | 보기:분/반/황/고/대,"chunks:우리는/교실에서/반대를/배웠다. | targetIndex:2 | vocabDistractor:평균을 | hints:누가?/언제/어디서?/무엇을?/어찌했나? | fullDistractors:반대가,대충 봤다.",초안,초안,Y,OK | https://krdict.korean.go.kr/kor/dicSearch/SearchView?ParaWordNo=69484 | AUTO_SELECTED_90_BALANCED
23,문제점,문제점,잘못되거나 고쳐야 할 부분이에요.,우리 모둠 발표의 문제점을 찾아서 고쳤어요.,교실에서 떠드는 것이 문제점이에요.,급식을 남기는 것이 우리 반의 문제점이에요.,미사용,"내용, 전시, 검토, 제출, 기록, 영향",정답:문제점 | 보기:점/제/문/시/습,"chunks:민수는/집에서/문제점을/배웠다. | targetIndex:2 | vocabDistractor:내용을 | hints:누가?/언제/어디서?/무엇을?/어찌했나? | fullDistractors:문제점이,틀리게 말했다.",초안,초안,Y,OK | https://krdict.korean.go.kr/kor/dicSearch/SearchView?ParaWordNo=59244 | AUTO_SELECTED_90_BALANCED
24,바람직하다,바람직하다,옳고 좋다고 생각할 만한 거예요.,친구를 도와주는 것은 바람직한 행동이에요.,줄을 잘 서는 것이 바람직한 모습이에요.,골고루 먹는 것이 바람직한 식습관이에요.,미사용,"예상, 영향, 이용, 부분, 작품, 조사",정답:바람직하다 | 보기:변/람/직/다/하/해/바,"chunks:지수는/도서관에서/'바람직하다' 뜻을/배웠다. | targetIndex:2 | vocabDistractor:'예상' 뜻을 | hints:누가?/언제/어디서?/무엇을?/어찌했나? | fullDistractors:'바람직하다' 뜻이,혼자 놀았다.",초안,초안,Y,OK | https://krdict.korean.go.kr/kor/dicSearch/SearchView?ParaWordNo=15806 | AUTO_SELECTED_90_BALANCED
25,작품,작품,열심히 만들거나 그린 것이에요.,미술 시간에 만든 작품을 교실에 전시했어요.,친구의 작품이 정말 멋있어서 칭찬했어요.,찰흙으로 예쁜 작품을 완성했어요.,미사용,"평균, 순서, 구별, 연결, 계획, 검토",정답:작품 | 보기:고/품/교/작/단,"chunks:나는/수업 시간에/작품을/배웠다. | targetIndex:2 | vocabDistractor:평균을 | hints:누가?/언제/어디서?/무엇을?/어찌했나? | fullDistractors:작품이,잊어버렸다.",초안,초안,Y,OK | https://krdict.korean.go.kr/kor/dicSearch/SearchView?ParaWordNo=24837 | AUTO_SELECTED_90_BALANCED
26,제출,제출,해야 할 것을 내는 거예요.,숙제를 다 해서 선생님께 제출했어요.,그림 일기를 쓰고 제출했어요.,알림장을 부모님께 보여 드리고 사인을 받아 제출했어요.,미사용,"단서, 짐작, 내용, 검토, 비교, 순서",정답:제출 | 보기:주/출/특/제/입,"chunks:우리는/교실에서/제출을/배웠다. | targetIndex:2 | vocabDistractor:단서를 | hints:누가?/언제/어디서?/무엇을?/어찌했나? | fullDistractors:제출이,대충 봤다.",초안,초안,Y,OK | https://krdict.korean.go.kr/kor/dicSearch/SearchView?ParaWordNo=31811 | AUTO_SELECTED_90_BALANCED
27,점검,점검,잘 되어 있는지 하나하나 살펴보는 거예요.,소풍 가기 전에 준비물을 점검했어요.,시험지를 내기 전에 답을 점검했어요.,선생님이 교실 청소 상태를 점검하셨어요.,미사용,"입체, 찬성, 의미, 탐색, 의견, 개요",정답:점검 | 보기:질/확/점/용/검,"chunks:민수는/집에서/점검을/배웠다. | targetIndex:2 | vocabDistractor:입체를 | hints:누가?/언제/어디서?/무엇을?/어찌했나? | fullDistractors:점검이,틀리게 말했다.",초안,초안,Y,OK | https://krdict.korean.go.kr/kor/dicSearch/SearchView?ParaWordNo=31715 | AUTO_SELECTED_90_BALANCED
28,태도,태도,어떤 일을 대하는 마음가짐이에요.,수업 시간에 바른 태도로 앉아야 해요.,공부할 때 열심히 하는 태도가 중요해요.,친구에게 친절한 태도로 대해야 해요.,미사용,"보고, 정리, 설명, 확대, 선택, 의견",정답:태도 | 보기:도/형/순/입/태,"chunks:지수는/도서관에서/태도를/배웠다. | targetIndex:2 | vocabDistractor:보고를 | hints:누가?/언제/어디서?/무엇을?/어찌했나? | fullDistractors:태도가,혼자 놀았다.",초안,초안,Y,OK | https://krdict.korean.go.kr/kor/dicSearch/SearchView?ParaWordNo=62414 | AUTO_SELECTED_90_BALANCED
29,상상,상상,실제로 없는 것을 머릿속으로 그려 보는 거예요.,구름을 보며 어떤 모양인지 상상했어요.,동화 속 나라를 상상하며 그림을 그렸어요.,미래의 내 모습을 상상해 보았어요.,미사용,"영향, 범위, 태도, 확대, 단서, 성질",정답:상상 | 보기:화/태/통/존/상,"chunks:나는/수업 시간에/상상을/배웠다. | targetIndex:2 | vocabDistractor:영향을 | hints:누가?/언제/어디서?/무엇을?/어찌했나? | fullDistractors:상상이,잊어버렸다.",초안,초안,Y,OK | https://krdict.korean.go.kr/kor/dicSearch/SearchView?ParaWordNo=61734 | AUTO_SELECTED_90_BALANCED
30,관점,관점,어떤 것을 바라보는 나만의 생각이에요.,같은 그림을 봐도 사람마다 관점이 달라요.,동물의 관점에서 이야기를 지어 보았어요.,나와 다른 관점도 존중해야 해요.,미사용,"변화, 요약, 범위, 영향, 보호, 평균",정답:관점 | 보기:설/점/떠/찬/관,"chunks:우리는/교실에서/관점을/배웠다. | targetIndex:2 | vocabDistractor:변화를 | hints:누가?/언제/어디서?/무엇을?/어찌했나? | fullDistractors:관점이,대충 봤다.",초안,초안,Y,OK | https://krdict.korean.go.kr/kor/dicSearch/SearchView?ParaWordNo=23999 | AUTO_SELECTED_90_BALANCED
31,재구성,재구성,한 번 만들었던 것을 다시 새롭게 만드는 거예요.,이야기 순서를 바꿔서 재구성해 보았어요.,블록을 부수고 새로운 모양으로 재구성했어요.,동화를 우리 이야기로 재구성해 보았어요.,미사용,"내용, 기술, 찬성, 작성, 모두, 참여",정답:재구성 | 보기:재/구/성/반/두,"chunks:민수는/집에서/재구성을/배웠다. | targetIndex:2 | vocabDistractor:내용을 | hints:누가?/언제/어디서?/무엇을?/어찌했나? | fullDistractors:재구성이,틀리게 말했다.",초안,초안,Y,OK | https://krdict.korean.go.kr/kor/dicSearch/SearchView?ParaWordNo=74458 | AUTO_SELECTED_90_BALANCED
32,배경,배경,뒤쪽에 보이는 모습이에요.,그림의 배경에 파란 하늘을 그렸어요.,이 이야기의 배경은 작은 마을이에요.,사진의 배경에 예쁜 꽃이 보여요.,미사용,"대비, 완성, 부분, 이용, 결과, 수단",정답:배경 | 보기:차/경/배/절/평,"chunks:지수는/도서관에서/배경을/배웠다. | targetIndex:2 | vocabDistractor:대비를 | hints:누가?/언제/어디서?/무엇을?/어찌했나? | fullDistractors:배경이,혼자 놀았다.",초안,초안,Y,OK | https://krdict.korean.go.kr/kor/dicSearch/SearchView?ParaWordNo=62538 | AUTO_SELECTED_90_BALANCED
33,창의적,창의적,아무도 생각하지 못한 새롭고 특별한 거예요.,친구가 창의적인 방법으로 문제를 풀었어요.,창의적인 생각으로 멋진 작품을 만들었어요.,선생님이 창의적인 놀이를 알려 주셨어요.,미사용,"내용, 보호, 작품, 부분, 표면, 반면",정답:창의적 | 보기:적/환/의/용/창,"chunks:나는/수업 시간에/창의적을/배웠다. | targetIndex:2 | vocabDistractor:내용을 | hints:누가?/언제/어디서?/무엇을?/어찌했나? | fullDistractors:창의적이,잊어버렸다.",초안,초안,Y,OK | https://krdict.korean.go.kr/kor/dicSearch/SearchView?ParaWordNo=82800 | AUTO_SELECTED_90_BALANCED
34,분류,분류,같은 종류끼리 나누어 놓는 거예요.,색깔별로 블록을 분류했어요.,과일과 채소를 분류해 보았어요.,책을 종류별로 분류해서 정리했어요.,미사용,"까닭, 태도, 작성, 설명, 결과, 관점",정답:분류 | 보기:호/형/분/류/하,"chunks:우리는/교실에서/분류를/배웠다. | targetIndex:2 | vocabDistractor:까닭을 | hints:누가?/언제/어디서?/무엇을?/어찌했나? | fullDistractors:분류가,대충 봤다.",초안,초안,Y,OK | https://krdict.korean.go.kr/kor/dicSearch/SearchView?ParaWordNo=59453 | AUTO_SELECTED_90_BALANCED
35,기준,기준,무언가를 나누거나 정할 때 쓰는 규칙이에요.,키 순서를 기준으로 줄을 섰어요.,색깔을 기준으로 물건을 나누었어요.,점수를 기준으로 상을 주었어요.,미사용,"연구, 의견, 판단, 평균, 검토, 용액",정답:기준 | 보기:비/기/준/작/나,"chunks:민수는/집에서/기준을/배웠다. | targetIndex:2 | vocabDistractor:연구를 | hints:누가?/언제/어디서?/무엇을?/어찌했나? | fullDistractors:기준이,틀리게 말했다.",초안,초안,Y,OK | https://krdict.korean.go.kr/kor/dicSearch/SearchView?ParaWordNo=61091 | AUTO_SELECTED_90_BALANCED
36,도구,도구,일을 할 때 쓰는 물건이에요.,가위는 종이를 자르는 도구예요.,연필은 글씨를 쓰는 도구예요.,자는 길이를 재는 도구예요.,미사용,"작품, 연결, 보존, 형태, 단서, 원인",정답:도구 | 보기:효/해/요/구/도,"chunks:지수는/도서관에서/도구를/배웠다. | targetIndex:2 | vocabDistractor:작품을 | hints:누가?/언제/어디서?/무엇을?/어찌했나? | fullDistractors:도구가,혼자 놀았다.",초안,초안,Y,OK | https://krdict.korean.go.kr/kor/dicSearch/SearchView?ParaWordNo=47519 | AUTO_SELECTED_90_BALANCED
37,나누다,나누다,하나를 여러 개로 갈라놓는 거예요.,피자를 네 조각으로 나누었어요.,간식을 친구와 나누어 먹었어요.,색종이를 반으로 나누었어요.,미사용,"원인, 이용, 추측, 측정, 구별, 내용",정답:나누다 | 보기:나/능/누/결/다,"chunks:나는/수업 시간에/'나누다' 뜻을/배웠다. | targetIndex:2 | vocabDistractor:'원인' 뜻을 | hints:누가?/언제/어디서?/무엇을?/어찌했나? | fullDistractors:'나누다' 뜻이,잊어버렸다.",초안,초안,Y,OK | https://krdict.korean.go.kr/kor/dicSearch/SearchView?ParaWordNo=29749 | AUTO_SELECTED_90_BALANCED
38,묶다,묶다,끈이나 줄로 하나로 합치는 거예요.,신문지를 끈으로 묶어서 정리했어요.,운동화 끈을 예쁘게 묶었어요.,색연필을 고무줄로 묶었어요.,미사용,"검토, 까닭, 구성, 예상, 반대, 분류",정답:묶다 | 보기:다/까/공/묶/추,"chunks:우리는/교실에서/'묶다' 뜻을/배웠다. | targetIndex:2 | vocabDistractor:'검토' 뜻을 | hints:누가?/언제/어디서?/무엇을?/어찌했나? | fullDistractors:'묶다' 뜻이,대충 봤다.",초안,초안,Y,OK | https://krdict.korean.go.kr/kor/dicSearch/SearchView?ParaWordNo=64741 | AUTO_SELECTED_90_BALANCED
39,표면,표면,물건의 가장 바깥쪽 부분이에요.,탁구공의 표면은 매끈매끈해요.,나무 표면을 손으로 만져 보았어요.,달의 표면은 울퉁불퉁해요.,미사용,"관점, 찬성, 연결, 전시, 미래, 조사",정답:표면 | 보기:택/라/면/표/작,"chunks:민수는/집에서/표면을/배웠다. | targetIndex:2 | vocabDistractor:관점을 | hints:누가?/언제/어디서?/무엇을?/어찌했나? | fullDistractors:표면이,틀리게 말했다.",초안,초안,Y,OK | https://krdict.korean.go.kr/kor/dicSearch/SearchView?ParaWordNo=88024 | AUTO_SELECTED_90_BALANCED
40,확대,확대,작은 것을 크게 만드는 거예요.,돋보기로 개미를 확대해서 보았어요.,사진을 확대해서 자세히 살펴보았어요.,지도를 확대해서 우리 동네를 찾았어요.,미사용,"관찰, 사례, 계획, 기술, 단서, 연구",정답:확대 | 보기:확/준/방/대/부,"chunks:지수는/도서관에서/확대를/배웠다. | targetIndex:2 | vocabDistractor:관찰을 | hints:누가?/언제/어디서?/무엇을?/어찌했나? | fullDistractors:확대가,혼자 놀았다.",초안,초안,Y,OK | https://krdict.korean.go.kr/kor/dicSearch/SearchView?ParaWordNo=87330 | AUTO_SELECTED_90_BALANCED
41,대상,대상,어떤 일의 상대가 되는 사람이나 물건이에요.,이번 칭찬의 대상은 우리 반 친구들이에요.,관찰의 대상으로 강아지를 골랐어요.,이 책은 어린이가 읽을 대상으로 만들어졌어요.,미사용,"보고, 변화, 모두, 보존, 크기, 미래",정답:대상 | 보기:악/상/대/요/떠,"chunks:나는/수업 시간에/대상을/배웠다. | targetIndex:2 | vocabDistractor:보고를 | hints:누가?/언제/어디서?/무엇을?/어찌했나? | fullDistractors:대상이,잊어버렸다.",초안,초안,Y,OK | https://krdict.korean.go.kr/kor/dicSearch/SearchView?ParaWordNo=50270 | AUTO_SELECTED_90_BALANCED
42,작성,작성,글이나 서류를 만드는 거예요.,일기를 작성해서 선생님께 보여 드렸어요.,편지를 정성껏 작성했어요.,관찰 일지를 매일 작성하고 있어요.,미사용,"완성, 작품, 제출, 추측, 범위, 구성",정답:작성 | 보기:성/실/작/시/행,"chunks:우리는/교실에서/작성을/배웠다. | targetIndex:2 | vocabDistractor:완성을 | hints:누가?/언제/어디서?/무엇을?/어찌했나? | fullDistractors:작성이,대충 봤다.",초안,초안,Y,OK | https://krdict.korean.go.kr/kor/dicSearch/SearchView?ParaWordNo=24803 | AUTO_SELECTED_90_BALANCED
43,변화,변화,모습이나 상태가 달라지는 거예요.,가을이 되니 나뭇잎 색이 변화했어요.,씨앗이 싹이 트는 변화를 관찰했어요.,날씨의 변화가 심해서 옷을 따뜻하게 입었어요.,미사용,"대상, 구조, 구성, 방법, 영향, 참여",정답:변화 | 보기:화/형/어/식/변,"chunks:민수는/집에서/변화를/배웠다. | targetIndex:2 | vocabDistractor:대상을 | hints:누가?/언제/어디서?/무엇을?/어찌했나? | fullDistractors:변화가,틀리게 말했다.",초안,초안,Y,OK | https://krdict.korean.go.kr/kor/dicSearch/SearchView?ParaWordNo=83169 | AUTO_SELECTED_90_BALANCED
44,탐색,탐색,알고 싶은 것을 찾아보는 거예요.,도서관에서 재미있는 책을 탐색했어요.,숲에서 곤충을 탐색했어요.,새로운 놀이를 탐색해 보았어요.,미사용,"요약, 실행, 이용, 구별, 정리, 내용",정답:탐색 | 보기:향/색/완/탐/슷,"chunks:지수는/도서관에서/탐색을/배웠다. | targetIndex:2 | vocabDistractor:요약을 | hints:누가?/언제/어디서?/무엇을?/어찌했나? | fullDistractors:탐색이,혼자 놀았다.",초안,초안,Y,OK | https://krdict.korean.go.kr/kor/dicSearch/SearchView?ParaWordNo=82730 | AUTO_SELECTED_90_BALANCED
45,참고,참고,무언가를 할 때 도움이 될 만한 것을 살펴보는 거예요.,숙제를 할 때 교과서를 참고했어요.,그림을 그릴 때 사진을 참고했어요.,요리할 때 레시피를 참고했어요.,미사용,"표시, 의미, 상황, 내용, 짜임, 구성",정답:참고 | 보기:참/고/가/나/다,"chunks:나는/수업 시간에/참고를/배웠다. | targetIndex:2 | vocabDistractor:표시를 | hints:누가?/언제/어디서?/무엇을?/어찌했나? | fullDistractors:참고가,잊어버렸다.",초안,초안,N,OK | https://krdict.korean.go.kr/kor/dicSearch/SearchView?ParaWordNo=78295
46,예상,예상,앞으로 어떻게 될지 미리 생각하는 거예요.,내일 날씨가 맑을 거라고 예상했어요.,시험이 어려울 거라고 예상했는데 쉬웠어요.,오늘 급식 메뉴를 예상해 보았어요.,미사용,"방법, 찬성, 보호, 전시, 평가, 범위",정답:예상 | 보기:예/상/가/나/다,"chunks:우리는/교실에서/예상을/배웠다. | targetIndex:2 | vocabDistractor:방법을 | hints:누가?/언제/어디서?/무엇을?/어찌했나? | fullDistractors:예상이,대충 봤다.",초안,초안,N,OK | https://krdict.korean.go.kr/kor/dicSearch/SearchView?ParaWordNo=70522
47,결과,결과,어떤 일이 끝난 뒤의 모습이에요.,시험 결과가 좋아서 기분이 좋았어요.,열심히 연습한 결과 달리기에서 1등을 했어요.,실험 결과를 공책에 적었어요.,미사용,"바꾸다, 용액, 정리, 완성, 이용, 의생활",정답:결과 | 보기:결/과/가/나/다,"chunks:민수는/집에서/결과를/배웠다. | targetIndex:2 | vocabDistractor:바꾸다를 | hints:누가?/언제/어디서?/무엇을?/어찌했나? | fullDistractors:결과가,틀리게 말했다.",초안,초안,N,OK | https://krdict.korean.go.kr/kor/dicSearch/SearchView?ParaWordNo=60093
48,평균,평균,전체를 합쳐서 똑같이 나눈 수예요.,우리 반 키의 평균을 계산해 보았어요.,시험 점수의 평균이 90점이었어요.,매일 걸은 걸음 수의 평균을 구했어요.,미사용,"주생활, 기록, 성질, 크기, 요약, 모두",정답:평균 | 보기:평/균/가/나/다,"chunks:지수는/도서관에서/평균을/배웠다. | targetIndex:2 | vocabDistractor:주생활을 | hints:누가?/언제/어디서?/무엇을?/어찌했나? | fullDistractors:평균이,혼자 놀았다.",초안,초안,N,OK | https://krdict.korean.go.kr/kor/dicSearch/SearchView?ParaWordNo=88169
49,단순,단순,복잡하지 않고 쉬운 거예요.,이 문제는 단순해서 금방 풀 수 있어요.,단순한 규칙이라서 쉽게 이해했어요.,단순한 모양으로 그림을 그렸어요.,미사용,"모습, 부분, 맞다, 의견, 대비, 보고",정답:단순 | 보기:단/순/가/나/다,"chunks:나는/수업 시간에/단순을/배웠다. | targetIndex:2 | vocabDistractor:모습을 | hints:누가?/언제/어디서?/무엇을?/어찌했나? | fullDistractors:단순이,잊어버렸다.",초안,초안,N,OK | https://krdict.korean.go.kr/kor/dicSearch/SearchView?ParaWordNo=28372
50,구조,구조,위험한 상황에서 사람을 구해 주는 거예요.,소방관이 불이 난 집에서 사람을 구조했어요.,바다에 빠진 사람을 구조했어요.,산에서 길을 잃은 사람을 구조했어요.,미사용,"형태, 반대, 모두, 연결, 요약, 참여",정답:구조 | 보기:람/약/조/히/구,"chunks:우리는/교실에서/구조를/배웠다. | targetIndex:2 | vocabDistractor:형태를 | hints:누가?/언제/어디서?/무엇을?/어찌했나? | fullDistractors:구조가,대충 봤다.",초안,초안,Y,OK | https://krdict.korean.go.kr/kor/dicSearch/SearchView?ParaWordNo=36923 | AUTO_SELECTED_90_BALANCED
51,불가능,불가능,할 수 없는 거예요.,사람이 날개 없이 하늘을 나는 것은 불가능해요.,하루에 100권의 책을 읽는 것은 불가능해요.,눈이 많이 와서 소풍이 불가능해졌어요.,미사용,"측정, 추측, 단서, 짐작, 계획, 개요",정답:불가능 | 보기:불/가/능/나/다,"chunks:민수는/집에서/불가능을/배웠다. | targetIndex:2 | vocabDistractor:측정을 | hints:누가?/언제/어디서?/무엇을?/어찌했나? | fullDistractors:불가능이,틀리게 말했다.",초안,초안,N,OK | https://krdict.korean.go.kr/kor/dicSearch/SearchView?ParaWordNo=60287
52,수단,수단,어떤 일을 하기 위해 쓰는 방법이에요.,버스는 학교에 가는 수단이에요.,전화는 먼 곳의 친구와 이야기하는 수단이에요.,인터넷은 정보를 찾는 수단이에요.,미사용,"조사, 실행, 파악, 공통점, 차이점, 비교",정답:수단 | 보기:수/단/가/나/다,"chunks:지수는/도서관에서/수단을/배웠다. | targetIndex:2 | vocabDistractor:조사를 | hints:누가?/언제/어디서?/무엇을?/어찌했나? | fullDistractors:수단이,혼자 놀았다.",초안,초안,N,OK | https://krdict.korean.go.kr/kor/dicSearch/SearchView?ParaWordNo=15621
53,대부분,대부분,거의 전부인 거예요.,우리 반 대부분의 친구들이 운동을 좋아해요.,꽃이 대부분 활짝 피었어요.,숙제를 대부분 끝냈어요.,미사용,"단순, 예상, 고려, 계획, 요소, 의미",정답:대부분 | 보기:출/부/대/분/도,"chunks:나는/수업 시간에/대부분을/배웠다. | targetIndex:2 | vocabDistractor:단순을 | hints:누가?/언제/어디서?/무엇을?/어찌했나? | fullDistractors:대부분이,잊어버렸다.",초안,초안,Y,OK | https://krdict.korean.go.kr/kor/dicSearch/SearchView?ParaWordNo=62394 | AUTO_SELECTED_90_BALANCED
54,정확히,정확히,틀리지 않고 딱 맞게 하는 거예요.,시계를 보고 시간을 정확히 말했어요.,선을 따라 정확히 오렸어요.,정확히 10개를 세어 봤어요.,미사용,"태도, 상상, 관점, 재구성, 배경, 창의적",정답:정확히 | 보기:정/확/히/가/나,"chunks:우리는/교실에서/정확히를/배웠다. | targetIndex:2 | vocabDistractor:태도를 | hints:누가?/언제/어디서?/무엇을?/어찌했나? | fullDistractors:정확히가,대충 봤다.",초안,초안,N,OK | https://krdict.korean.go.kr/kor/dicSearch/SearchView?ParaWordNo=70895
55,비슷하다,비슷하다,완전히 같지는 않지만 많이 닮은 거예요.,쌍둥이 친구는 얼굴이 비슷해요.,이 두 색깔이 비슷해서 구별하기 어려워요.,우리 강아지와 옆집 강아지가 비슷하게 생겼어요.,미사용,"구별, 제시, 태도, 구조, 주제, 완성",정답:비슷하다 | 보기:비/짜/하/다/슷/람,"chunks:민수는/집에서/'비슷하다' 뜻을/배웠다. | targetIndex:2 | vocabDistractor:'구별' 뜻을 | hints:누가?/언제/어디서?/무엇을?/어찌했나? | fullDistractors:'비슷하다' 뜻이,틀리게 말했다.",초안,초안,Y,OK | https://krdict.korean.go.kr/kor/dicSearch/SearchView?ParaWordNo=65864 | AUTO_SELECTED_90_BALANCED
56,특징,특징,다른 것과 다르게 눈에 띄는 점이에요.,기린의 특징은 목이 아주 긴 거예요.,우리 학교의 특징은 운동장이 넓은 거예요.,봄의 특징은 꽃이 많이 피는 거예요.,미사용,"작성, 변화, 탐색, 참고, 예상, 결과",정답:특징 | 보기:특/징/가/나/다,"chunks:지수는/도서관에서/특징을/배웠다. | targetIndex:2 | vocabDistractor:작성을 | hints:누가?/언제/어디서?/무엇을?/어찌했나? | fullDistractors:특징이,혼자 놀았다.",초안,초안,N,OK | https://krdict.korean.go.kr/kor/dicSearch/SearchView?ParaWordNo=71299
57,반면,반면,한쪽과 다른 쪽을 비교할 때 쓰는 말이에요.,형은 키가 큰 반면 동생은 키가 작아요.,여름은 더운 반면 겨울은 추워요.,고양이는 조용한 반면 강아지는 시끄러워요.,미사용,"요소, 계획, 측정, 비교, 해결, 주제",정답:반면 | 보기:대/달/면/판/반,"chunks:나는/수업 시간에/반면을/배웠다. | targetIndex:2 | vocabDistractor:요소를 | hints:누가?/언제/어디서?/무엇을?/어찌했나? | fullDistractors:반면이,잊어버렸다.",초안,초안,Y,OK | https://krdict.korean.go.kr/kor/dicSearch/SearchView?ParaWordNo=15844 | AUTO_SELECTED_90_BALANCED
58,형태,형태,물건이 생긴 모양이에요.,구름의 형태가 토끼처럼 보였어요.,여러 가지 형태의 블록을 모았어요.,나뭇잎의 형태가 별처럼 생겼어요.,미사용,"추측, 성질, 구성, 방법, 보존, 계획",정답:형태 | 보기:액/태/측/원/형,"chunks:우리는/교실에서/형태를/배웠다. | targetIndex:2 | vocabDistractor:추측을 | hints:누가?/언제/어디서?/무엇을?/어찌했나? | fullDistractors:형태가,대충 봤다.",초안,초안,Y,OK | https://krdict.korean.go.kr/kor/dicSearch/SearchView?ParaWordNo=86382 | AUTO_SELECTED_90_BALANCED
59,구별,구별,서로 다른 것을 알아보고 나누는 거예요.,빨간색과 주황색을 구별하기 어려웠어요.,비슷한 글자를 구별해서 읽었어요.,쌍둥이를 구별할 수 있게 되었어요.,미사용,"작품, 의견, 비교, 구조, 영향, 선택",정답:구별 | 보기:구/료/예/별/과,"chunks:민수는/집에서/구별을/배웠다. | targetIndex:2 | vocabDistractor:작품을 | hints:누가?/언제/어디서?/무엇을?/어찌했나? | fullDistractors:구별이,틀리게 말했다.",초안,초안,Y,OK | https://krdict.korean.go.kr/kor/dicSearch/SearchView?ParaWordNo=24112 | AUTO_SELECTED_90_BALANCED
60,연결,연결,둘 이상을 서로 이어 주는 거예요.,블록을 연결해서 긴 기차를 만들었어요.,전선을 연결하니 불이 켜졌어요.,점을 연결해서 별 모양을 만들었어요.,미사용,"역할, 자료, 정하다, 참여, 연구, 기술",정답:연결 | 보기:연/결/가/나/다,"chunks:지수는/도서관에서/연결을/배웠다. | targetIndex:2 | vocabDistractor:역할을 | hints:누가?/언제/어디서?/무엇을?/어찌했나? | fullDistractors:연결이,혼자 놀았다.",초안,초안,N,OK | https://krdict.korean.go.kr/kor/dicSearch/SearchView?ParaWordNo=13973
61,요소,요소,무언가를 이루는 데 꼭 필요한 부분이에요.,맛있는 요리의 중요한 요소는 좋은 재료예요.,건강의 중요한 요소는 운동이에요.,좋은 발표의 요소는 큰 목소리예요.,미사용,"선택, 크기, 짐작, 부분, 평균, 완성",정답:요소 | 보기:위/예/소/요/련,"chunks:나는/수업 시간에/요소를/배웠다. | targetIndex:2 | vocabDistractor:선택을 | hints:누가?/언제/어디서?/무엇을?/어찌했나? | fullDistractors:요소가,잊어버렸다.",초안,초안,Y,OK | https://krdict.korean.go.kr/kor/dicSearch/SearchView?ParaWordNo=69003 | AUTO_SELECTED_90_BALANCED
62,선택,선택,여러 가지 중에서 하나를 고르는 거예요.,간식으로 사탕과 과자 중에서 선택했어요.,좋아하는 색을 선택해서 칠했어요.,읽고 싶은 책을 선택했어요.,미사용,"제출, 조사, 방식, 보호, 해결, 개요",정답:선택 | 보기:선/택/아/형/태,"chunks:우리는/교실에서/선택을/배웠다. | targetIndex:2 | vocabDistractor:제출을 | hints:누가?/언제/어디서?/무엇을?/어찌했나? | fullDistractors:선택이,대충 봤다.",초안,초안,Y,OK | https://krdict.korean.go.kr/kor/dicSearch/SearchView?ParaWordNo=63164 | AUTO_SELECTED_90_BALANCED
63,간추리다,간추리다,중요한 것만 골라서 짧게 정리하는 거예요.,긴 이야기를 간추려서 친구에게 알려 줬어요.,수업 내용을 간추려서 공책에 적었어요.,뉴스를 간추려서 발표했어요.,미사용,"방법, 찬성, 보호, 전시, 평가, 범위",정답:간추리다 | 보기:간/추/리/다/가,"chunks:민수는/집에서/'간추리다' 뜻을/배웠다. | targetIndex:2 | vocabDistractor:'방법' 뜻을 | hints:누가?/언제/어디서?/무엇을?/어찌했나? | fullDistractors:'간추리다' 뜻이,틀리게 말했다.",초안,초안,N,OK | https://krdict.korean.go.kr/kor/dicSearch/SearchView?ParaWordNo=14911
64,적절하다,적절하다,딱 알맞은 거예요.,비가 올 때 우산을 쓰는 것은 적절한 행동이에요.,발표할 때 적절한 목소리로 말해야 해요.,장소에 적절한 옷을 입었어요.,미사용,"보존, 연결, 표시, 파악, 제시, 형태",정답:적절하다 | 보기:달/절/적/다/할/하,"chunks:지수는/도서관에서/'적절하다' 뜻을/배웠다. | targetIndex:2 | vocabDistractor:'보존' 뜻을 | hints:누가?/언제/어디서?/무엇을?/어찌했나? | fullDistractors:'적절하다' 뜻이,혼자 놀았다.",초안,초안,Y,OK | https://krdict.korean.go.kr/kor/dicSearch/SearchView?ParaWordNo=25053 | AUTO_SELECTED_90_BALANCED
65,판단,판단,이것이 맞는지 아닌지 생각해서 정하는 거예요.,길을 건널 때 안전한지 판단해야 해요.,어떤 답이 맞는지 스스로 판단해 보았어요.,옷을 입기 전에 날씨를 보고 판단했어요.,미사용,"성질, 태도, 짐작, 기준, 순서, 용액",정답:판단 | 보기:단/색/과/려/판,"chunks:나는/수업 시간에/판단을/배웠다. | targetIndex:2 | vocabDistractor:성질을 | hints:누가?/언제/어디서?/무엇을?/어찌했나? | fullDistractors:판단이,잊어버렸다.",초안,초안,Y,OK | https://krdict.korean.go.kr/kor/dicSearch/SearchView?ParaWordNo=62464 | AUTO_SELECTED_90_BALANCED
66,검토,검토,잘 되었는지 꼼꼼하게 다시 살펴보는 거예요.,시험지를 내기 전에 답을 검토했어요.,글을 쓰고 맞춤법을 검토했어요.,준비물을 가방에 넣기 전에 검토했어요.,미사용,"판단, 까닭, 표시, 구별, 계획, 보고",정답:검토 | 보기:검/토/당/자/적,"chunks:우리는/교실에서/검토를/배웠다. | targetIndex:2 | vocabDistractor:판단을 | hints:누가?/언제/어디서?/무엇을?/어찌했나? | fullDistractors:검토가,대충 봤다.",초안,초안,Y,OK | https://krdict.korean.go.kr/kor/dicSearch/SearchView?ParaWordNo=15936 | AUTO_SELECTED_90_BALANCED
67,고려,고려,여러 가지를 생각해 보는 거예요.,소풍 장소를 정할 때 날씨를 고려했어요.,친구의 마음을 고려해서 말했어요.,시간을 고려해서 계획을 세웠어요.,미사용,"크기, 설명, 관찰, 정확히, 재구성, 공통점",정답:고려 | 보기:고/꾸/보/려/입,"chunks:민수는/집에서/고려를/배웠다. | targetIndex:2 | vocabDistractor:크기를 | hints:누가?/언제/어디서?/무엇을?/어찌했나? | fullDistractors:고려가,틀리게 말했다.",초안,초안,Y,OK | https://krdict.korean.go.kr/kor/dicSearch/SearchView?ParaWordNo=23663 | AUTO_SELECTED_90_BALANCED
68,장단점,장단점,좋은 점과 나쁜 점을 합쳐서 말하는 거예요.,연필과 볼펜의 장단점을 비교했어요.,우리 동네의 장단점을 이야기해 보았어요.,자전거와 버스의 장단점을 생각해 보았어요.,미사용,"해결, 조사, 구조, 원인, 보호, 주제",정답:장단점 | 보기:생/장/단/절/점,"chunks:지수는/도서관에서/장단점을/배웠다. | targetIndex:2 | vocabDistractor:해결을 | hints:누가?/언제/어디서?/무엇을?/어찌했나? | fullDistractors:장단점이,혼자 놀았다.",초안,초안,Y,OK | https://krdict.korean.go.kr/kor/dicSearch/SearchView?ParaWordNo=75074 | AUTO_SELECTED_90_BALANCED
69,사례,사례,전에 실제로 있었던 예시예요.,친구를 도와준 좋은 사례를 발표했어요.,환경을 지킨 사례를 책에서 읽었어요.,용기 있는 행동의 사례를 들어 보았어요.,미사용,"대상, 짐작, 의미, 상상, 보호, 보존",정답:사례 | 보기:요/사/례/서/효,"chunks:나는/수업 시간에/사례를/배웠다. | targetIndex:2 | vocabDistractor:대상을 | hints:누가?/언제/어디서?/무엇을?/어찌했나? | fullDistractors:사례가,잊어버렸다.",초안,초안,Y,OK | https://krdict.korean.go.kr/kor/dicSearch/SearchView?ParaWordNo=15860 | AUTO_SELECTED_90_BALANCED
70,어렵다,어렵다,하기 힘들고 복잡한 거예요.,수학 문제가 어려워서 선생님께 여쭤봤어요.,한자를 외우는 것이 어려워요.,줄넘기 이중 뛰기가 어려웠지만 연습했어요.,미사용,"작품, 제출, 점검, 태도, 상상, 관점",정답:어렵다 | 보기:어/렵/다/가/나,"chunks:우리는/교실에서/'어렵다' 뜻을/배웠다. | targetIndex:2 | vocabDistractor:'작품' 뜻을 | hints:누가?/언제/어디서?/무엇을?/어찌했나? | fullDistractors:'어렵다' 뜻이,대충 봤다.",초안,초안,N,OK | https://krdict.korean.go.kr/kor/dicSearch/SearchView?ParaWordNo=62232
71,원인,원인,어떤 일이 생기게 된 이유예요.,감기에 걸린 원인은 옷을 얇게 입어서예요.,꽃이 시든 원인은 물을 안 줘서예요.,지각한 원인은 늦잠을 자서예요.,미사용,"실행, 관점, 정리, 발달, 구조, 기준",정답:원인 | 보기:특/원/인/평/정,"chunks:민수는/집에서/원인을/배웠다. | targetIndex:2 | vocabDistractor:실행을 | hints:누가?/언제/어디서?/무엇을?/어찌했나? | fullDistractors:원인이,틀리게 말했다.",초안,초안,Y,OK | https://krdict.korean.go.kr/kor/dicSearch/SearchView?ParaWordNo=70268 | AUTO_SELECTED_90_BALANCED
72,효과적,효과적,잘 되고 결과가 좋은 거예요.,그림을 그릴 때 물감이 효과적으로 색을 칠할 수 있어요.,매일 조금씩 공부하는 것이 효과적이에요.,큰 소리로 발표하는 것이 효과적이에요.,미사용,"관점, 관찰, 보호, 표면, 도구, 평가",정답:효과적 | 보기:과/효/적/반/맞,"chunks:지수는/도서관에서/효과적을/배웠다. | targetIndex:2 | vocabDistractor:관점을 | hints:누가?/언제/어디서?/무엇을?/어찌했나? | fullDistractors:효과적이,혼자 놀았다.",초안,초안,Y,OK | https://krdict.korean.go.kr/kor/dicSearch/SearchView?ParaWordNo=89366 | AUTO_SELECTED_90_BALANCED
73,까닭,까닭,그렇게 된 이유예요.,지각한 까닭을 선생님께 말씀드렸어요.,울고 있는 까닭을 친구에게 물어보았어요.,나뭇잎이 떨어지는 까닭을 배웠어요.,미사용,"비교, 고려, 보고, 상황, 발달, 부분",정답:까닭 | 보기:까/당/질/미/닭,"chunks:나는/수업 시간에/까닭을/배웠다. | targetIndex:2 | vocabDistractor:비교를 | hints:누가?/언제/어디서?/무엇을?/어찌했나? | fullDistractors:까닭이,잊어버렸다.",초안,초안,Y,OK | https://krdict.korean.go.kr/kor/dicSearch/SearchView?ParaWordNo=62453 | AUTO_SELECTED_90_BALANCED
74,역할,역할,맡아서 해야 하는 일이에요.,연극에서 나의 역할은 왕자예요.,모둠에서 기록하는 역할을 맡았어요.,가족 중에서 나의 역할은 설거지 돕기예요.,미사용,"대부분, 정확히, 특징, 반면, 형태, 구별",정답:역할 | 보기:역/할/가/나/다,"chunks:우리는/교실에서/역할을/배웠다. | targetIndex:2 | vocabDistractor:대부분을 | hints:누가?/언제/어디서?/무엇을?/어찌했나? | fullDistractors:역할이,대충 봤다.",초안,초안,N,OK | https://krdict.korean.go.kr/kor/dicSearch/SearchView?ParaWordNo=62396
75,자료,자료,무언가를 알아보는 데 필요한 것이에요.,발표를 위해 자료를 모았어요.,책과 사진을 자료로 사용했어요.,인터넷에서 자료를 찾았어요.,미사용,"요소, 선택, 판단, 검토, 고려, 장단점",정답:자료 | 보기:자/료/가/나/다,"chunks:민수는/집에서/자료를/배웠다. | targetIndex:2 | vocabDistractor:요소를 | hints:누가?/언제/어디서?/무엇을?/어찌했나? | fullDistractors:자료가,틀리게 말했다.",초안,초안,N,OK | https://krdict.korean.go.kr/kor/dicSearch/SearchView?ParaWordNo=62401
76,정하다,정하다,여러 가지 중에서 하나를 골라 결정하는 거예요.,반장 선거로 반장을 정했어요.,놀이 규칙을 함께 정했어요.,발표 순서를 가위바위보로 정했어요.,미사용,"관찰, 참고, 실행, 상상, 미래, 순서",정답:정하다 | 보기:비/다/하/질/정,"chunks:지수는/도서관에서/'정하다' 뜻을/배웠다. | targetIndex:2 | vocabDistractor:'관찰' 뜻을 | hints:누가?/언제/어디서?/무엇을?/어찌했나? | fullDistractors:'정하다' 뜻이,혼자 놀았다.",초안,초안,Y,OK | https://krdict.korean.go.kr/kor/dicSearch/SearchView?ParaWordNo=29767 | AUTO_SELECTED_90_BALANCED
77,참여,참여,다른 사람들과 함께 어떤 일에 끼어서 하는 거예요.,학교 축제에 참여해서 노래를 불렀어요.,봉사 활동에 참여했어요.,달리기 대회에 참여해서 열심히 뛰었어요.,미사용,"참고, 의견, 태도, 개요, 요소, 작성",정답:참여 | 보기:참/토/발/여/의,"chunks:나는/수업 시간에/참여를/배웠다. | targetIndex:2 | vocabDistractor:참고를 | hints:누가?/언제/어디서?/무엇을?/어찌했나? | fullDistractors:참여가,잊어버렸다.",초안,초안,Y,OK | https://krdict.korean.go.kr/kor/dicSearch/SearchView?ParaWordNo=24864 | AUTO_SELECTED_90_BALANCED
78,연구,연구,궁금한 것을 깊이 알아보는 거예요.,과학자가 새로운 약을 연구하고 있어요.,곤충의 생활을 연구했어요.,식물이 자라는 방법을 연구했어요.,미사용,"작성, 도구, 대비, 선택, 구성, 추측",정답:연구 | 보기:찰/글/구/연/다,"chunks:우리는/교실에서/연구를/배웠다. | targetIndex:2 | vocabDistractor:작성을 | hints:누가?/언제/어디서?/무엇을?/어찌했나? | fullDistractors:연구가,대충 봤다.",초안,초안,Y,OK | https://krdict.korean.go.kr/kor/dicSearch/SearchView?ParaWordNo=62879 | AUTO_SELECTED_90_BALANCED
79,기술,기술,어떤 일을 잘 하는 방법이나 솜씨예요.,요리사는 맛있는 음식을 만드는 기술이 있어요.,축구를 잘하려면 공을 차는 기술을 배워야 해요.,종이접기 기술이 늘었어요.,미사용,"방법, 배경, 기준, 태도, 완성, 의미",정답:기술 | 보기:환/기/장/전/술,"chunks:민수는/집에서/기술을/배웠다. | targetIndex:2 | vocabDistractor:방법을 | hints:누가?/언제/어디서?/무엇을?/어찌했나? | fullDistractors:기술이,틀리게 말했다.",초안,초안,Y,OK | https://krdict.korean.go.kr/kor/dicSearch/SearchView?ParaWordNo=73355 | AUTO_SELECTED_90_BALANCED
80,번갈다,번갈다,한 사람씩 차례로 바꿔 가며 하는 거예요.,친구와 번갈아 가며 줄넘기를 했어요.,형과 번갈아 가며 설거지를 해요.,친구들과 번갈아 가며 책을 읽었어요.,미사용,"용액, 정리, 완성, 이용, 의생활, 식생활",정답:번갈다 | 보기:번/갈/다/가/나,"chunks:지수는/도서관에서/'번갈다' 뜻을/배웠다. | targetIndex:2 | vocabDistractor:'용액' 뜻을 | hints:누가?/언제/어디서?/무엇을?/어찌했나? | fullDistractors:'번갈다' 뜻이,혼자 놀았다.",초안,초안,N,OK | https://krdict.korean.go.kr/kor/dicSearch/SearchView?ParaWordNo=58358
81,설명,설명,다른 사람이 잘 알 수 있도록 쉽게 말해 주는 거예요.,선생님이 새로운 단어의 뜻을 설명해 주셨어요.,친구에게 게임 방법을 설명해 주었어요.,길을 물어보는 아저씨에게 설명해 드렸어요.,미사용,"예상, 파악, 발달, 판단, 연구, 범위",정답:설명 | 보기:설/명/면/해/약,"chunks:나는/수업 시간에/설명을/배웠다. | targetIndex:2 | vocabDistractor:예상을 | hints:누가?/언제/어디서?/무엇을?/어찌했나? | fullDistractors:설명이,잊어버렸다.",초안,초안,Y,OK | https://krdict.korean.go.kr/kor/dicSearch/SearchView?ParaWordNo=65116 | AUTO_SELECTED_90_BALANCED
82,관찰,관찰,자세히 들여다보며 살펴보는 거예요.,돋보기로 나뭇잎을 관찰했어요.,씨앗이 자라는 모습을 매일 관찰했어요.,개미가 먹이를 옮기는 것을 관찰했어요.,미사용,"구조, 조사, 배경, 찬성, 사례, 불가능",정답:관찰 | 보기:탐/찰/관/나/능,"chunks:우리는/교실에서/관찰을/배웠다. | targetIndex:2 | vocabDistractor:구조를 | hints:누가?/언제/어디서?/무엇을?/어찌했나? | fullDistractors:관찰이,대충 봤다.",초안,초안,Y,OK | https://krdict.korean.go.kr/kor/dicSearch/SearchView?ParaWordNo=24001 | AUTO_SELECTED_90_BALANCED
83,주제,주제,이야기나 글에서 가장 중요한 내용이에요.,오늘 일기의 주제는 '우리 가족'이에요.,이 책의 주제는 우정이에요.,발표의 주제를 정해서 준비했어요.,미사용,"파악, 기준, 설명, 작품, 의견, 기록",정답:주제 | 보기:람/고/제/당/주,"chunks:민수는/집에서/주제를/배웠다. | targetIndex:2 | vocabDistractor:파악을 | hints:누가?/언제/어디서?/무엇을?/어찌했나? | fullDistractors:주제가,틀리게 말했다.",초안,초안,Y,OK | https://krdict.korean.go.kr/kor/dicSearch/SearchView?ParaWordNo=91771 | AUTO_SELECTED_90_BALANCED
84,표시,표시,어떤 것을 알려 주기 위해 나타내는 거예요.,지도에서 학교의 위치를 표시했어요.,중요한 부분에 별표로 표시했어요.,달력에 생일을 표시했어요.,미사용,"연결, 역할, 자료, 표면, 반대, 기술",정답:표시 | 보기:미/표/어/위/시,"chunks:지수는/도서관에서/표시를/배웠다. | targetIndex:2 | vocabDistractor:연결을 | hints:누가?/언제/어디서?/무엇을?/어찌했나? | fullDistractors:표시가,혼자 놀았다.",초안,초안,Y,OK | https://krdict.korean.go.kr/kor/dicSearch/SearchView?ParaWordNo=88633 | AUTO_SELECTED_90_BALANCED
85,의미,의미,말이나 글이 가지고 있는 뜻이에요.,'감사합니다'라는 말의 의미는 고맙다는 거예요.,새로운 단어의 의미를 사전에서 찾았어요.,친구가 한 말의 의미를 곰곰이 생각했어요.,미사용,"완성, 조사, 배경, 파악, 제출, 까닭",정답:의미 | 보기:균/계/의/누/미,"chunks:나는/수업 시간에/의미를/배웠다. | targetIndex:2 | vocabDistractor:완성을 | hints:누가?/언제/어디서?/무엇을?/어찌했나? | fullDistractors:의미가,잊어버렸다.",초안,초안,Y,OK | https://krdict.korean.go.kr/kor/dicSearch/SearchView?ParaWordNo=62385 | AUTO_SELECTED_90_BALANCED
86,상황,상황,지금 벌어지고 있는 일의 모습이에요.,비가 갑자기 와서 당황스러운 상황이었어요.,위험한 상황에서는 어른에게 도움을 요청해요.,재미있는 상황에서 모두 웃었어요.,미사용,"해결, 반대, 문제점, 작품, 제출, 점검",정답:상황 | 보기:상/황/가/나/다,"chunks:우리는/교실에서/상황을/배웠다. | targetIndex:2 | vocabDistractor:해결을 | hints:누가?/언제/어디서?/무엇을?/어찌했나? | fullDistractors:상황이,대충 봤다.",초안,초안,N,OK | https://krdict.korean.go.kr/kor/dicSearch/SearchView?ParaWordNo=16582
87,내용,내용,글이나 이야기 안에 담긴 것이에요.,책을 읽고 내용을 친구에게 알려 줬어요.,수업 내용을 공책에 적었어요.,편지의 내용이 감동적이었어요.,미사용,"주제, 관점, 제출, 점검, 환경, 대비",정답:내용 | 보기:활/움/내/도/용,"chunks:민수는/집에서/내용을/배웠다. | targetIndex:2 | vocabDistractor:주제를 | hints:누가?/언제/어디서?/무엇을?/어찌했나? | fullDistractors:내용이,틀리게 말했다.",초안,초안,Y,OK | https://krdict.korean.go.kr/kor/dicSearch/SearchView?ParaWordNo=72573 | AUTO_SELECTED_90_BALANCED
88,글의 짜임,짜임,이야기나 글이 어떻게 만들어져 있는지의 모양이에요.,이 동화는 짜임이 잘 되어 있어서 재미있어요.,글의 짜임을 생각하며 이야기를 써 보았어요.,"시작, 중간, 끝의 짜임으로 글을 썼어요.",미사용,"도구, 나누다, 묶다, 표면, 확대, 대상",정답:짜임 | 보기:짜/임/가/나/다,"chunks:지수는/도서관에서/짜임을/배웠다. | targetIndex:2 | vocabDistractor:도구를 | hints:누가?/언제/어디서?/무엇을?/어찌했나? | fullDistractors:짜임이,혼자 놀았다.",초안,초안,N,OK_NORMALIZED(짜임) | https://krdict.korean.go.kr/kor/dicSearch/SearchView?ParaWordNo=78260
89,알아보다,알아보다,모르는 것을 찾아보거나 살펴보는 거예요.,새로 이사 간 동네를 알아보았어요.,우리 동네 도서관에 대해 알아보았어요.,어떤 꽃인지 책에서 알아보았어요.,미사용,"단서, 해결, 크기, 원인, 성질, 반대",정답:알아보다 | 보기:아/알/보/술/위/다,"chunks:나는/수업 시간에/'알아보다' 뜻을/배웠다. | targetIndex:2 | vocabDistractor:'단서' 뜻을 | hints:누가?/언제/어디서?/무엇을?/어찌했나? | fullDistractors:'알아보다' 뜻이,잊어버렸다.",초안,초안,Y,OK | https://krdict.korean.go.kr/kor/dicSearch/SearchView?ParaWordNo=16080 | AUTO_SELECTED_90_BALANCED
90,드러나다,드러나다,숨겨져 있던 것이 보이게 되는 거예요.,눈이 녹으면서 땅이 드러났어요.,구름이 걷히면서 해가 드러났어요.,비밀이 드러나서 깜짝 놀랐어요.,미사용,"반대, 실행, 상상, 재구성, 문제점, 묶다",정답:드러나다 | 보기:향/다/나/드/사/러,"chunks:우리는/교실에서/'드러나다' 뜻을/배웠다. | targetIndex:2 | vocabDistractor:'반대' 뜻을 | hints:누가?/언제/어디서?/무엇을?/어찌했나? | fullDistractors:'드러나다' 뜻이,대충 봤다.",초안,초안,Y,OK | https://krdict.korean.go.kr/kor/dicSearch/SearchView?ParaWordNo=15034 | AUTO_SELECTED_90_BALANCED
91,달라지다,달라지다,전과 다르게 바뀌는 거예요.,계절이 바뀌면 날씨가 달라져요.,키가 자라면서 옷 크기가 달라졌어요.,연습을 하니까 실력이 달라졌어요.,미사용,"수단, 대부분, 정확히, 특징, 반면, 형태",정답:달라지다 | 보기:달/라/지/다/가,"chunks:민수는/집에서/'달라지다' 뜻을/배웠다. | targetIndex:2 | vocabDistractor:'수단' 뜻을 | hints:누가?/언제/어디서?/무엇을?/어찌했나? | fullDistractors:'달라지다' 뜻이,틀리게 말했다.",초안,초안,N,OK | https://krdict.korean.go.kr/kor/dicSearch/SearchView?ParaWordNo=62902
92,구성,구성,여러 부분을 모아서 하나로 만드는 거예요.,우리 모둠은 네 명으로 구성되어 있어요.,레고 블록으로 집을 구성했어요.,다양한 악기로 구성된 음악을 들었어요.,미사용,"전시, 모두, 수단, 상황, 표시, 형태",정답:구성 | 보기:구/성/제/전/식,"chunks:지수는/도서관에서/구성을/배웠다. | targetIndex:2 | vocabDistractor:전시를 | hints:누가?/언제/어디서?/무엇을?/어찌했나? | fullDistractors:구성이,혼자 놀았다.",초안,초안,Y,OK | https://krdict.korean.go.kr/kor/dicSearch/SearchView?ParaWordNo=24512 | AUTO_SELECTED_90_BALANCED
93,모서리,모서리,물건의 뾰족하게 만나는 가장자리 부분이에요.,책상 모서리에 부딪히지 않게 조심해요.,상자의 모서리를 테이프로 감쌌어요.,삼각형에는 세 개의 모서리가 있어요.,미사용,"검토, 역할, 성질, 예상, 단순, 반면",정답:모서리 | 보기:리/모/방/까/서,"chunks:나는/수업 시간에/모서리를/배웠다. | targetIndex:2 | vocabDistractor:검토를 | hints:누가?/언제/어디서?/무엇을?/어찌했나? | fullDistractors:모서리가,잊어버렸다.",초안,초안,Y,OK | https://krdict.korean.go.kr/kor/dicSearch/SearchView?ParaWordNo=55796 | AUTO_SELECTED_90_BALANCED
94,방법,방법,어떤 일을 하는 길이에요.,색종이를 접는 방법을 배웠어요.,친구와 사이좋게 지내는 방법을 알아보았어요.,이 문제를 푸는 방법을 알려 주세요.,미사용,"짐작, 관찰, 제출, 요소, 모두, 구별",정답:방법 | 보기:조/법/오/방/례,"chunks:우리는/교실에서/방법을/배웠다. | targetIndex:2 | vocabDistractor:짐작을 | hints:누가?/언제/어디서?/무엇을?/어찌했나? | fullDistractors:방법이,대충 봤다.",초안,초안,Y,OK | https://krdict.korean.go.kr/kor/dicSearch/SearchView?ParaWordNo=65531 | AUTO_SELECTED_90_BALANCED
95,찬성,찬성,다른 사람의 생각이 좋다고 동의하는 거예요.,친구의 의견에 찬성해서 손을 들었어요.,소풍 가자는 의견에 모두 찬성했어요.,규칙을 바꾸자는 말에 찬성했어요.,미사용,"짜임, 구성, 모서리, 방법, 보호, 전시",정답:찬성 | 보기:찬/성/가/나/다,"chunks:민수는/집에서/찬성을/배웠다. | targetIndex:2 | vocabDistractor:짜임을 | hints:누가?/언제/어디서?/무엇을?/어찌했나? | fullDistractors:찬성이,틀리게 말했다.",초안,초안,N,OK | https://krdict.korean.go.kr/kor/dicSearch/SearchView?ParaWordNo=24805
96,보호,보호,위험하지 않게 잘 지켜 주는 거예요.,엄마가 우산을 씌워서 비로부터 보호해 주셨어요.,환경을 보호하기 위해 분리수거를 해요.,안전모를 써서 머리를 보호해요.,미사용,"범위, 순서, 바꾸다, 용액, 정리, 완성",정답:보호 | 보기:보/호/가/나/다,"chunks:지수는/도서관에서/보호를/배웠다. | targetIndex:2 | vocabDistractor:범위를 | hints:누가?/언제/어디서?/무엇을?/어찌했나? | fullDistractors:보호가,혼자 놀았다.",초안,초안,N,OK | https://krdict.korean.go.kr/kor/dicSearch/SearchView?ParaWordNo=62452
97,전시,전시,여러 사람에게 보여 주려고 물건을 펼쳐 놓는 거예요.,미술관에서 멋진 그림을 전시하고 있어요.,교실에 우리가 만든 작품을 전시했어요.,과학 시간에 만든 것을 복도에 전시했어요.,미사용,"의생활, 식생활, 주생활, 기록, 성질, 크기",정답:전시 | 보기:전/시/가/나/다,"chunks:나는/수업 시간에/전시를/배웠다. | targetIndex:2 | vocabDistractor:의생활을 | hints:누가?/언제/어디서?/무엇을?/어찌했나? | fullDistractors:전시가,잊어버렸다.",초안,초안,N,OK | https://krdict.korean.go.kr/kor/dicSearch/SearchView?ParaWordNo=25317
98,평가,평가,얼마나 잘했는지 살펴보고 알려 주는 거예요.,선생님이 발표 실력을 평가해 주셨어요.,그림 그리기를 마치고 서로 평가해 보았어요.,열심히 했다는 좋은 평가를 받았어요.,미사용,"원인, 계획, 결과, 조사, 형태, 까닭",정답:평가 | 보기:가/평/황/견/크,"chunks:우리는/교실에서/평가를/배웠다. | targetIndex:2 | vocabDistractor:원인을 | hints:누가?/언제/어디서?/무엇을?/어찌했나? | fullDistractors:평가가,대충 봤다.",초안,초안,Y,OK | https://krdict.korean.go.kr/kor/dicSearch/SearchView?ParaWordNo=88047 | AUTO_SELECTED_90_BALANCED
99,범위,범위,어디서부터 어디까지인지의 구간이에요.,시험 범위는 1단원부터 3단원까지예요.,넓은 범위를 돌아다니며 보물을 찾았어요.,오늘 공부할 범위를 정했어요.,미사용,"보고, 제시, 미래, 발달, 움직임, 방식",정답:범위 | 보기:범/위/가/나/다,"chunks:민수는/집에서/범위를/배웠다. | targetIndex:2 | vocabDistractor:보고를 | hints:누가?/언제/어디서?/무엇을?/어찌했나? | fullDistractors:범위가,틀리게 말했다.",초안,초안,N,OK | https://krdict.korean.go.kr/kor/dicSearch/SearchView?ParaWordNo=14454
100,순서,순서,먼저 하는 것과 나중에 하는 것의 차례예요.,급식을 먹을 때 순서를 지켜야 해요.,이야기의 순서대로 그림을 붙였어요.,번호 순서대로 줄을 섰어요.,미사용,"대상, 찬성, 영향, 용액, 기준, 판단",정답:순서 | 보기:태/당/순/히/서,"chunks:지수는/도서관에서/순서를/배웠다. | targetIndex:2 | vocabDistractor:대상을 | hints:누가?/언제/어디서?/무엇을?/어찌했나? | fullDistractors:순서가,혼자 놀았다.",초안,초안,Y,OK | https://krdict.korean.go.kr/kor/dicSearch/SearchView?ParaWordNo=64563 | AUTO_SELECTED_90_BALANCED
101,바꾸다,바꾸다,있던 것을 다른 것으로 바꾸는 거예요.,자리를 바꿔서 새 친구 옆에 앉았어요.,더러운 옷을 깨끗한 옷으로 바꿨어요.,연필 색을 빨간색으로 바꿨어요.,미사용,"기록, 도구, 정리, 범위, 추측, 보호",정답:바꾸다 | 보기:바/화/다/꾸/나,"chunks:나는/수업 시간에/'바꾸다' 뜻을/배웠다. | targetIndex:2 | vocabDistractor:'기록' 뜻을 | hints:누가?/언제/어디서?/무엇을?/어찌했나? | fullDistractors:'바꾸다' 뜻이,잊어버렸다.",초안,초안,Y,OK | https://krdict.korean.go.kr/kor/dicSearch/SearchView?ParaWordNo=17198 | AUTO_SELECTED_90_BALANCED
102,용액,용액,물 같은 액체에 다른 것이 녹아 있는 것이에요.,설탕을 물에 녹여서 용액을 만들었어요.,과학 시간에 여러 가지 용액을 관찰했어요.,소금물도 하나의 용액이에요.,미사용,"비교, 입체, 구하다, 해결, 반대, 문제점",정답:용액 | 보기:용/액/가/나/다,"chunks:우리는/교실에서/용액을/배웠다. | targetIndex:2 | vocabDistractor:비교를 | hints:누가?/언제/어디서?/무엇을?/어찌했나? | fullDistractors:용액이,대충 봤다.",초안,초안,N,OK | https://krdict.korean.go.kr/kor/dicSearch/SearchView?ParaWordNo=69253
103,설명하다,설명하다,다른 사람이 알 수 있도록 쉽게 말하는 거예요.,친구에게 게임 방법을 설명해 주었어요.,선생님이 새로운 내용을 설명해 주셨어요.,동생에게 숙제를 설명해 줬어요.,미사용,"계획, 반대, 제출, 검토, 작성, 대상",정답:설명하다 | 보기:하/설/두/명/전/다,"chunks:민수는/집에서/'설명하다' 뜻을/배웠다. | targetIndex:2 | vocabDistractor:'계획' 뜻을 | hints:누가?/언제/어디서?/무엇을?/어찌했나? | fullDistractors:'설명하다' 뜻이,틀리게 말했다.",초안,초안,Y,OK | https://krdict.korean.go.kr/kor/dicSearch/SearchView?ParaWordNo=65117 | AUTO_SELECTED_90_BALANCED
104,정리,정리,어질러진 것을 깨끗하게 치우는 거예요.,놀이가 끝나고 장난감을 정리했어요.,책상 위를 깔끔하게 정리했어요.,수업이 끝나고 교실을 정리했어요.,미사용,"작품, 범위, 참고, 보호, 설명, 대비",정답:정리 | 보기:리/정/바/측/택,"chunks:지수는/도서관에서/정리를/배웠다. | targetIndex:2 | vocabDistractor:작품을 | hints:누가?/언제/어디서?/무엇을?/어찌했나? | fullDistractors:정리가,혼자 놀았다.",초안,초안,Y,OK | https://krdict.korean.go.kr/kor/dicSearch/SearchView?ParaWordNo=75781 | AUTO_SELECTED_90_BALANCED
105,완성,완성,끝까지 다 마무리하는 거예요.,그림을 색칠해서 완성했어요.,퍼즐을 맞춰서 완성했어요.,레고로 집을 완성했어요.,미사용,"해결, 참여, 영향, 이용, 환경, 설명",정답:완성 | 보기:성/방/준/완/까,"chunks:나는/수업 시간에/완성을/배웠다. | targetIndex:2 | vocabDistractor:해결을 | hints:누가?/언제/어디서?/무엇을?/어찌했나? | fullDistractors:완성이,잊어버렸다.",초안,초안,Y,OK | https://krdict.korean.go.kr/kor/dicSearch/SearchView?ParaWordNo=22147 | AUTO_SELECTED_90_BALANCED
106,이용,이용,필요할 때 가져다 쓰는 거예요.,도서관을 이용해서 책을 빌렸어요.,버스를 이용해서 할머니 댁에 갔어요.,색연필을 이용해서 그림을 그렸어요.,미사용,"실행, 완성, 구별, 참여, 판단, 대상",정답:이용 | 보기:획/있/정/이/용,"chunks:우리는/교실에서/이용을/배웠다. | targetIndex:2 | vocabDistractor:실행을 | hints:누가?/언제/어디서?/무엇을?/어찌했나? | fullDistractors:이용이,대충 봤다.",초안,초안,Y,OK | https://krdict.korean.go.kr/kor/dicSearch/SearchView?ParaWordNo=70750 | AUTO_SELECTED_90_BALANCED
107,의생활,의생활,사람이 옷을 입는 것과 관련된 생활이에요.,겨울에는 따뜻한 옷을 입는 것이 좋은 의생활이에요.,깨끗한 옷을 입는 것이 바른 의생활이에요.,계절에 맞는 의생활을 해야 해요.,미사용,"정확히, 특징, 반면, 형태, 구별, 연결",정답:의생활 | 보기:의/생/활/가/나,"chunks:민수는/집에서/의생활을/배웠다. | targetIndex:2 | vocabDistractor:정확히를 | hints:누가?/언제/어디서?/무엇을?/어찌했나? | fullDistractors:의생활이,틀리게 말했다.",초안,초안,N,OK | https://krdict.korean.go.kr/kor/dicSearch/SearchView?ParaWordNo=71882
108,식생활,식생활,음식을 먹는 것과 관련된 생활이에요.,골고루 먹는 것이 좋은 식생활이에요.,아침밥을 꼭 먹는 것이 바른 식생활이에요.,건강한 식생활을 위해 채소를 많이 먹어요.,미사용,"선택, 판단, 검토, 고려, 장단점, 사례",정답:식생활 | 보기:식/생/활/가/나,"chunks:지수는/도서관에서/식생활을/배웠다. | targetIndex:2 | vocabDistractor:선택을 | hints:누가?/언제/어디서?/무엇을?/어찌했나? | fullDistractors:식생활이,혼자 놀았다.",초안,초안,N,OK | https://krdict.korean.go.kr/kor/dicSearch/SearchView?ParaWordNo=13989
109,주생활,주생활,사는 집과 관련된 생활이에요.,깨끗한 집에서 사는 것이 좋은 주생활이에요.,방을 정리하는 것은 바른 주생활이에요.,편안한 주생활을 위해 집을 깨끗이 해요.,미사용,"원인, 효과적, 까닭, 역할, 자료, 정하다",정답:주생활 | 보기:주/생/활/가/나,"chunks:나는/수업 시간에/주생활을/배웠다. | targetIndex:2 | vocabDistractor:원인을 | hints:누가?/언제/어디서?/무엇을?/어찌했나? | fullDistractors:주생활이,잊어버렸다.",초안,초안,N,OK | https://krdict.korean.go.kr/kor/dicSearch/SearchView?ParaWordNo=76955
110,기록,기록,중요한 일을 글이나 사진으로 남기는 거예요.,일기장에 오늘 있었던 일을 기록했어요.,과학 실험 결과를 기록했어요.,여행에서 본 것을 사진으로 기록했어요.,미사용,"연구, 기술, 번갈다, 설명, 관찰, 주제",정답:기록 | 보기:기/록/가/나/다,"chunks:우리는/교실에서/기록을/배웠다. | targetIndex:2 | vocabDistractor:연구를 | hints:누가?/언제/어디서?/무엇을?/어찌했나? | fullDistractors:기록이,대충 봤다.",초안,초안,N,OK | https://krdict.korean.go.kr/kor/dicSearch/SearchView?ParaWordNo=32499
111,적당하다,적당하다,딱 알맞은 거예요.,물을 적당하게 마시면 건강에 좋아요.,적당한 크기의 종이를 골랐어요.,글씨를 적당한 크기로 써야 해요.,미사용,"기술, 번갈다, 설명, 관찰, 주제, 표시",정답:적당하다 | 보기:적/당/하/다/가,"chunks:민수는/집에서/'적당하다' 뜻을/배웠다. | targetIndex:2 | vocabDistractor:'기술' 뜻을 | hints:누가?/언제/어디서?/무엇을?/어찌했나? | fullDistractors:'적당하다' 뜻이,틀리게 말했다.",초안,초안,N,OK | https://krdict.korean.go.kr/kor/dicSearch/SearchView?ParaWordNo=70823
112,성질,성질,사람이나 물건이 가지고 있는 특별한 성격이에요.,고무줄은 늘어나는 성질이 있어요.,물은 아래로 흐르는 성질이 있어요.,자석은 쇠를 끌어당기는 성질이 있어요.,미사용,"찬성, 보호, 전시, 평가, 범위, 순서",정답:성질 | 보기:성/질/가/나/다,"chunks:지수는/도서관에서/성질을/배웠다. | targetIndex:2 | vocabDistractor:찬성을 | hints:누가?/언제/어디서?/무엇을?/어찌했나? | fullDistractors:성질이,혼자 놀았다.",초안,초안,N,OK | https://krdict.korean.go.kr/kor/dicSearch/SearchView?ParaWordNo=49072
113,크기,크기,물건이 얼마나 큰지 또는 작은지를 말해요.,수박의 크기가 내 머리만 해요.,신발의 크기가 딱 맞아요.,종이의 크기를 자로 재 보았어요.,미사용,"용액, 정리, 완성, 이용, 의생활, 식생활",정답:크기 | 보기:크/기/가/나/다,"chunks:나는/수업 시간에/크기를/배웠다. | targetIndex:2 | vocabDistractor:용액을 | hints:누가?/언제/어디서?/무엇을?/어찌했나? | fullDistractors:크기가,잊어버렸다.",초안,초안,N,OK | https://krdict.korean.go.kr/kor/dicSearch/SearchView?ParaWordNo=62458
114,요약,요약,긴 이야기에서 중요한 것만 짧게 줄이는 거예요.,동화를 읽고 내용을 요약해 보았어요.,수업 내용을 요약해서 공책에 적었어요.,영화 이야기를 짧게 요약해서 알려 줬어요.,미사용,"의견, 관찰, 측정, 확대, 제시, 작품",정답:요약 | 보기:요/악/확/표/약,"chunks:우리는/교실에서/요약을/배웠다. | targetIndex:2 | vocabDistractor:의견을 | hints:누가?/언제/어디서?/무엇을?/어찌했나? | fullDistractors:요약이,대충 봤다.",초안,초안,Y,OK | https://krdict.korean.go.kr/kor/dicSearch/SearchView?ParaWordNo=69280 | AUTO_SELECTED_90_BALANCED
115,모두,모두,남김없이 전부를 말해요.,우리 반 친구들 모두 소풍을 갔어요.,사탕을 모두에게 하나씩 나눠 줬어요.,숙제를 모두 끝냈어요.,미사용,"맞다, 의견, 대비, 보고, 제시, 미래",정답:모두 | 보기:모/두/가/나/다,"chunks:민수는/집에서/모두를/배웠다. | targetIndex:2 | vocabDistractor:맞다를 | hints:누가?/언제/어디서?/무엇을?/어찌했나? | fullDistractors:모두가,틀리게 말했다.",초안,초안,N,OK | https://krdict.korean.go.kr/kor/dicSearch/SearchView?ParaWordNo=64739
116,다르다,다르다,서로 같지 않은 거예요.,나와 친구는 좋아하는 색이 달라요.,오늘 날씨가 어제와 달라요.,같은 꽃이지만 색깔이 달라요.,미사용,"표시, 찬성, 내용, 단서, 계획, 정리",정답:다르다 | 보기:다/르/예/나/측,"chunks:지수는/도서관에서/'다르다' 뜻을/배웠다. | targetIndex:2 | vocabDistractor:'표시' 뜻을 | hints:누가?/언제/어디서?/무엇을?/어찌했나? | fullDistractors:'다르다' 뜻이,혼자 놀았다.",초안,초안,Y,OK | https://krdict.korean.go.kr/kor/dicSearch/SearchView?ParaWordNo=26824 | AUTO_SELECTED_90_BALANCED
117,모습,모습,눈에 보이는 생김새예요.,아침에 일어난 모습이 웃겨서 거울을 보고 웃었어요.,열심히 공부하는 모습이 멋있어요.,비 오는 날의 거리 모습을 그렸어요.,미사용,"단서, 짐작, 계획, 개요, 보존, 조사",정답:모습 | 보기:모/습/가/나/다,"chunks:나는/수업 시간에/모습을/배웠다. | targetIndex:2 | vocabDistractor:단서를 | hints:누가?/언제/어디서?/무엇을?/어찌했나? | fullDistractors:모습이,잊어버렸다.",초안,초안,N,OK | https://krdict.korean.go.kr/kor/dicSearch/SearchView?ParaWordNo=62383
118,부분,부분,전체에서 떼어 낸 한 조각이에요.,케이크의 한 부분을 잘라서 먹었어요.,이 이야기에서 재미있는 부분을 골라 보았어요.,색칠하지 않은 부분을 찾아 색칠했어요.,미사용,"까닭, 기록, 입체, 판단, 역할, 장단점",정답:부분 | 보기:법/분/부/예/임,"chunks:우리는/교실에서/부분을/배웠다. | targetIndex:2 | vocabDistractor:까닭을 | hints:누가?/언제/어디서?/무엇을?/어찌했나? | fullDistractors:부분이,대충 봤다.",초안,초안,Y,OK | https://krdict.korean.go.kr/kor/dicSearch/SearchView?ParaWordNo=65853 | AUTO_SELECTED_90_BALANCED
119,관련 있다,관련하다,서로 연결되어 있거나 상관이 있는 거예요.,비가 오는 것과 우산은 관련이 있어요.,운동과 건강은 관련이 있어요.,꽃과 나비는 서로 관련이 있어요.,미사용,"실행, 단순, 크기, 기술, 대상, 점검",정답:관련있다 | 보기:다/관/성/련/있/어,"chunks:민수는/집에서/'관련 있다' 뜻을/배웠다. | targetIndex:2 | vocabDistractor:'실행' 뜻을 | hints:누가?/언제/어디서?/무엇을?/어찌했나? | fullDistractors:'관련 있다' 뜻이,틀리게 말했다.",초안,초안,Y,OK_NORMALIZED(관련하다) | https://krdict.korean.go.kr/kor/dicSearch/SearchView?ParaWordNo=30320 | AUTO_SELECTED_90_BALANCED
120,맞다,맞다,답이 틀리지 않은 거예요.,퀴즈의 답을 맞혀서 칭찬을 받았어요.,문제를 풀어 보니 내 답이 맞았어요.,짝꿍이 정답을 맞혀서 기뻐했어요.,미사용,"관점, 재구성, 배경, 창의적, 분류, 기준",정답:맞다 | 보기:맞/다/가/나/라,"chunks:지수는/도서관에서/'맞다' 뜻을/배웠다. | targetIndex:2 | vocabDistractor:'관점' 뜻을 | hints:누가?/언제/어디서?/무엇을?/어찌했나? | fullDistractors:'맞다' 뜻이,혼자 놀았다.",초안,초안,N,OK | https://krdict.korean.go.kr/kor/dicSearch/SearchView?ParaWordNo=66231
121,의견,의견,어떤 것에 대한 나의 생각이에요.,학급 회의에서 자기 의견을 발표했어요.,친구와 서로 의견을 나눴어요.,나와 다른 의견도 잘 들어야 해요.,미사용,"나누다, 묶다, 표면, 확대, 대상, 작성",정답:의견 | 보기:의/견/가/나/다,"chunks:나는/수업 시간에/의견을/배웠다. | targetIndex:2 | vocabDistractor:나누다를 | hints:누가?/언제/어디서?/무엇을?/어찌했나? | fullDistractors:의견이,잊어버렸다.",초안,초안,N,OK | https://krdict.korean.go.kr/kor/dicSearch/SearchView?ParaWordNo=71118
122,대비,대비,두 가지를 비교해 보는 거예요.,여름과 겨울을 대비해 보면 날씨가 아주 달라요.,작년 사진과 올해 사진을 대비해 보았어요.,밝은 색과 어두운 색을 대비해서 칠했어요.,미사용,"판단, 주제, 반면, 형태, 기준, 구성",정답:대비 | 보기:성/대/서/비/달,"chunks:우리는/교실에서/대비를/배웠다. | targetIndex:2 | vocabDistractor:판단을 | hints:누가?/언제/어디서?/무엇을?/어찌했나? | fullDistractors:대비가,대충 봤다.",초안,초안,Y,OK | https://krdict.korean.go.kr/kor/dicSearch/SearchView?ParaWordNo=56049 | AUTO_SELECTED_90_BALANCED
123,보고,보고,알아본 것을 다른 사람에게 알려 주는 거예요.,현장학습에서 본 것을 선생님께 보고했어요.,관찰한 내용을 모둠 친구들에게 보고했어요.,조사한 결과를 반 친구들에게 보고했어요.,미사용,"범위, 개요, 수단, 찬성, 결과, 도구",정답:보고 | 보기:징/작/보/차/고,"chunks:민수는/집에서/보고를/배웠다. | targetIndex:2 | vocabDistractor:범위를 | hints:누가?/언제/어디서?/무엇을?/어찌했나? | fullDistractors:보고가,틀리게 말했다.",초안,초안,Y,OK | https://krdict.korean.go.kr/kor/dicSearch/SearchView?ParaWordNo=59392 | AUTO_SELECTED_90_BALANCED
124,떠오르다,떠오르다,위로 올라가는 거예요. 또는 갑자기 생각이 나는 거예요.,아침에 해가 떠올랐어요.,좋은 생각이 갑자기 떠올랐어요.,풍선이 하늘로 떠올랐어요.,미사용,"불가능, 수단, 대부분, 정확히, 특징, 반면",정답:떠오르다 | 보기:떠/오/르/다/가,"chunks:지수는/도서관에서/'떠오르다' 뜻을/배웠다. | targetIndex:2 | vocabDistractor:'불가능' 뜻을 | hints:누가?/언제/어디서?/무엇을?/어찌했나? | fullDistractors:'떠오르다' 뜻이,혼자 놀았다.",초안,초안,N,OK | https://krdict.korean.go.kr/kor/dicSearch/SearchView?ParaWordNo=53785
125,제시,제시,생각이나 의견을 내놓는 거예요.,선생님이 새로운 과제를 제시해 주셨어요.,문제를 해결할 방법을 제시했어요.,모둠 활동의 규칙을 제시했어요.,미사용,"제출, 역할, 의미, 기준, 단순, 계획",정답:제시 | 보기:시/제/소/요/술,"chunks:나는/수업 시간에/제시를/배웠다. | targetIndex:2 | vocabDistractor:제출을 | hints:누가?/언제/어디서?/무엇을?/어찌했나? | fullDistractors:제시가,잊어버렸다.",초안,초안,Y,OK | https://krdict.korean.go.kr/kor/dicSearch/SearchView?ParaWordNo=31794 | AUTO_SELECTED_90_BALANCED
126,미래,미래,아직 오지 않은 앞으로의 시간이에요.,미래에는 무엇이 되고 싶은지 생각해 보았어요.,미래의 자동차는 하늘을 날 수도 있을 거예요.,미래를 위해 열심히 공부해요.,미사용,"자료, 정하다, 참여, 연구, 기술, 번갈다",정답:미래 | 보기:미/래/가/나/다,"chunks:우리는/교실에서/미래를/배웠다. | targetIndex:2 | vocabDistractor:자료를 | hints:누가?/언제/어디서?/무엇을?/어찌했나? | fullDistractors:미래가,대충 봤다.",초안,초안,N,OK | https://krdict.korean.go.kr/kor/dicSearch/SearchView?ParaWordNo=61518
127,발달,발달,점점 더 자라고 좋아지는 거예요.,운동을 하면 근육이 발달해요.,아기가 점점 발달해서 걸을 수 있게 됐어요.,매일 책을 읽으면 생각하는 힘이 발달해요.,미사용,"관찰, 주제, 표시, 의미, 상황, 내용",정답:발달 | 보기:발/달/가/나/다,"chunks:민수는/집에서/발달을/배웠다. | targetIndex:2 | vocabDistractor:관찰을 | hints:누가?/언제/어디서?/무엇을?/어찌했나? | fullDistractors:발달이,틀리게 말했다.",초안,초안,N,OK | https://krdict.korean.go.kr/kor/dicSearch/SearchView?ParaWordNo=69497
